"#","Reference","Qty","Value","Footprint","DNP"
"1","C1","1","10ÂµF","Capacitor_SMD:C_0603_1608Metric",""
"2","C2","1","100nF","Capacitor_SMD:C_0603_1608Metric",""
"3","C3","1","100n","Capacitor_SMD:C_0603_1608Metric",""
"4","C4","1","1n","Capacitor_SMD:C_0603_1608Metric",""
"5","J1","1","TO_ODRIVE","Connector_JST:JST_GH_SM09B-GHS-TB_1x09-1MP_P1.25mm_Horizontal",""
"6","R1","1","620","Resistor_SMD:R_0603_1608Metric",""
"7","R2, R3","2","110","Resistor_SMD:R_0603_1608Metric",""
"8","U1","1","AS5048A","Package_SO:TSSOP-14_4.4x5mm_P0.65mm",""
"9","U2","1","SN65LVDS050PW","Package_SO:TSSOP-16_4.4x5mm_P0.65mm",""
